Name,Class,med,sigma,M3,M4,dnfft_1,dnfft_2,dnfft_3,dnpfft_1,dnpfft_2,dnpfft_3,dipfft_1,dipfft_2,dipfft_3,dntimp_1,dntimp_2,dntimp_3,hhcor_1,hhcor_2,hhcor_3,hurst_1,hurst_2,hurst_3,sum_q,ttt
circulator,therapy,3.76898488415299e-19,0.121037097,0.642770808,1.404678568,0.68544148,0.122244775,1.68544148,0.685182738,0.122165052,1.685182738,1.489612639,0.121400905,1.989612639,1.068459594,0.195880683,2.068459594,0.032460593,0.024797069,1.967539407,0.197742883,0.035294098,1.802257117,0.006666891,0.92480975
heart,therapy,-3.41E-17,0.151404436,1.157827247,1.572953996,0.682577009,0.186557773,1.682577009,0.683170472,0.186779359,1.683170472,1.362223461,0.124830442,1.862223461,0.829556661,0.252017676,1.829556661,0.082548899,0.056466373,1.917451101,0.247136205,0.046176337,1.752863795,0.004024511,0.883671677
kidney,therapy,-3.29E-16,0.197458931,1.045027799,1.475701304,0.818427777,0.309837744,1.818427777,0.815866913,0.309329726,1.815866913,1.409804301,0.213502318,1.909804301,0.988168957,0.337564561,1.988168957,0.081005151,0.030704923,1.918994849,0.220342819,0.041429504,1.779657181,0.003418425,0.845993324
snervos,therapy,-4.81E-17,0.20726802,1.159588034,1.574234828,0.561874017,0.158558023,1.561874017,0.562185031,0.158677933,1.562185031,1.429097615,0.131380159,1.929097615,0.930063773,0.174375968,1.930063773,0.044211638,0.025641345,1.955788362,0.209637789,0.037972007,1.790362211,0.004796666,0.895959578
well_beeing,therapy,-7.86E-17,0.233442269,1.137173496,1.506699082,0.804945552,0.113835874,1.804945552,0.80362869,0.113746675,1.80362869,1.250928413,0.066986512,1.750928413,0.860682886,0.19471417,1.860682886,0.187323546,0.086283771,1.812676454,0.222505339,0.042496832,1.777494661,0.002991052,0.881081122
